{"__symbolic":"module","version":4,"metadata":{"FacePhiSelphIdComponent":{"__symbolic":"class","decorators":[{"__symbolic":"call","expression":{"__symbolic":"reference","module":"@angular/core","name":"Component","line":15,"character":1},"arguments":[{"selector":"facephi-selphid","template":"<div #widgetContainer\n     [style.width]=\"widgetWidth\"\n     [style.height]=\"widgetHeight\"\n     [ngClass]=\"containerCssClass\">\n</div>\n","styles":[""]}]}],"members":{"cssClass":[{"__symbolic":"property","decorators":[{"__symbolic":"call","expression":{"__symbolic":"reference","module":"@angular/core","name":"Input","line":31,"character":5},"arguments":["class"]},{"__symbolic":"call","expression":{"__symbolic":"reference","module":"@angular/core","name":"HostBinding","line":32,"character":5},"arguments":["class"]}]}],"componentWidth":[{"__symbolic":"property","decorators":[{"__symbolic":"call","expression":{"__symbolic":"reference","module":"@angular/core","name":"Input","line":45,"character":5},"arguments":["width"]}]}],"componentHeight":[{"__symbolic":"property","decorators":[{"__symbolic":"call","expression":{"__symbolic":"reference","module":"@angular/core","name":"Input","line":59,"character":5},"arguments":["height"]}]}],"widgetContainer":[{"__symbolic":"property","decorators":[{"__symbolic":"call","expression":{"__symbolic":"reference","module":"@angular/core","name":"ViewChild","line":73,"character":5},"arguments":["widgetContainer"]}]}],"containerCssClass":[{"__symbolic":"property","decorators":[{"__symbolic":"call","expression":{"__symbolic":"reference","module":"@angular/core","name":"Input","line":79,"character":5}}]}],"widgetLibPath":[{"__symbolic":"property","decorators":[{"__symbolic":"call","expression":{"__symbolic":"reference","module":"@angular/core","name":"Input","line":87,"character":5}}]}],"autoLoadLibResources":[{"__symbolic":"property","decorators":[{"__symbolic":"call","expression":{"__symbolic":"reference","module":"@angular/core","name":"Input","line":93,"character":5}}]}],"language":[{"__symbolic":"property","decorators":[{"__symbolic":"call","expression":{"__symbolic":"reference","module":"@angular/core","name":"Input","line":99,"character":5}}]}],"dpiList":[{"__symbolic":"property","decorators":[{"__symbolic":"call","expression":{"__symbolic":"reference","module":"@angular/core","name":"Input","line":109,"character":5}}]}],"captureMode":[{"__symbolic":"property","decorators":[{"__symbolic":"call","expression":{"__symbolic":"reference","module":"@angular/core","name":"Input","line":119,"character":5}}]}],"previewCapture":[{"__symbolic":"property","decorators":[{"__symbolic":"call","expression":{"__symbolic":"reference","module":"@angular/core","name":"Input","line":129,"character":5}}]}],"documentDimensions":[{"__symbolic":"property","decorators":[{"__symbolic":"call","expression":{"__symbolic":"reference","module":"@angular/core","name":"Input","line":139,"character":5}}]}],"qualityThreshold":[{"__symbolic":"property","decorators":[{"__symbolic":"call","expression":{"__symbolic":"reference","module":"@angular/core","name":"Input","line":149,"character":5}}]}],"cropFactor":[{"__symbolic":"property","decorators":[{"__symbolic":"call","expression":{"__symbolic":"reference","module":"@angular/core","name":"Input","line":160,"character":5}}]}],"forceLandscape":[{"__symbolic":"property","decorators":[{"__symbolic":"call","expression":{"__symbolic":"reference","module":"@angular/core","name":"Input","line":170,"character":5}}]}],"canvasHD":[{"__symbolic":"property","decorators":[{"__symbolic":"call","expression":{"__symbolic":"reference","module":"@angular/core","name":"Input","line":180,"character":5}}]}],"initialTip":[{"__symbolic":"property","decorators":[{"__symbolic":"call","expression":{"__symbolic":"reference","module":"@angular/core","name":"Input","line":190,"character":5}}]}],"cameraWidth":[{"__symbolic":"property","decorators":[{"__symbolic":"call","expression":{"__symbolic":"reference","module":"@angular/core","name":"Input","line":200,"character":5}}]}],"cameraHeight":[{"__symbolic":"property","decorators":[{"__symbolic":"call","expression":{"__symbolic":"reference","module":"@angular/core","name":"Input","line":210,"character":5}}]}],"cameraId":[{"__symbolic":"property","decorators":[{"__symbolic":"call","expression":{"__symbolic":"reference","module":"@angular/core","name":"Input","line":220,"character":5}}]}],"captureTimeout":[{"__symbolic":"property","decorators":[{"__symbolic":"call","expression":{"__symbolic":"reference","module":"@angular/core","name":"Input","line":231,"character":5}}]}],"captureRetries":[{"__symbolic":"property","decorators":[{"__symbolic":"call","expression":{"__symbolic":"reference","module":"@angular/core","name":"Input","line":242,"character":5}}]}],"captureSensibility":[{"__symbolic":"property","decorators":[{"__symbolic":"call","expression":{"__symbolic":"reference","module":"@angular/core","name":"Input","line":253,"character":5}}]}],"imageFormat":[{"__symbolic":"property","decorators":[{"__symbolic":"call","expression":{"__symbolic":"reference","module":"@angular/core","name":"Input","line":263,"character":5}}]}],"imageQuality":[{"__symbolic":"property","decorators":[{"__symbolic":"call","expression":{"__symbolic":"reference","module":"@angular/core","name":"Input","line":273,"character":5}}]}],"debugMode":[{"__symbolic":"property","decorators":[{"__symbolic":"call","expression":{"__symbolic":"reference","module":"@angular/core","name":"Input","line":283,"character":5}}]}],"onComponentLoaded":[{"__symbolic":"property","decorators":[{"__symbolic":"call","expression":{"__symbolic":"reference","module":"@angular/core","name":"Output","line":297,"character":5}}]}],"onModuleLoaded":[{"__symbolic":"property","decorators":[{"__symbolic":"call","expression":{"__symbolic":"reference","module":"@angular/core","name":"Output","line":303,"character":5}}]}],"onExtractionFinished":[{"__symbolic":"property","decorators":[{"__symbolic":"call","expression":{"__symbolic":"reference","module":"@angular/core","name":"Output","line":309,"character":5}}]}],"onUserCancelled":[{"__symbolic":"property","decorators":[{"__symbolic":"call","expression":{"__symbolic":"reference","module":"@angular/core","name":"Output","line":315,"character":5}}]}],"onExceptionCaptured":[{"__symbolic":"property","decorators":[{"__symbolic":"call","expression":{"__symbolic":"reference","module":"@angular/core","name":"Output","line":321,"character":5}}]}],"onExtractionTimeout":[{"__symbolic":"property","decorators":[{"__symbolic":"call","expression":{"__symbolic":"reference","module":"@angular/core","name":"Output","line":327,"character":5}}]}],"onTrackStatus":[{"__symbolic":"property","decorators":[{"__symbolic":"call","expression":{"__symbolic":"reference","module":"@angular/core","name":"Output","line":334,"character":5}}]}],"__ctor__":[{"__symbolic":"constructor","parameters":[{"__symbolic":"reference","name":"FPhiSelphIdWidgetService"}]}],"ngOnInit":[{"__symbolic":"method"}],"ngOnDestroy":[{"__symbolic":"method"}],"setupEvents":[{"__symbolic":"method"}]}},"FPhiSelphIdConfiguration":{"__symbolic":"class","members":{"getNativeConfiguration":[{"__symbolic":"method"}],"setNativeConfiguration":[{"__symbolic":"method"}]}},"FPhiSelphIdDocumentDimensions":{"__symbolic":"class","members":{}},"FPhiSelphIdConstants":{"__symbolic":"class","members":{},"statics":{"CaptureMode":{"Front":0,"Back":1,"Full":2},"ExceptionType":{"CameraError":0,"ExtractorError":1,"ControlNotInitializedError":2,"ImageCropResizeError":3,"UnexpectedCaptureError":4},"CaptureSensibility":{"Low":0,"Normal":1,"High":2,"Auto":3},"TrackStatus":{"ChangeState":0,"Tap":1}}},"FPhiSelphIdWidgetService":{"__symbolic":"class","decorators":[{"__symbolic":"call","expression":{"__symbolic":"reference","module":"@angular/core","name":"Injectable","line":11,"character":1},"arguments":[{"providedIn":"root"}]}],"members":{"__ctor__":[{"__symbolic":"constructor","parameterDecorators":[[{"__symbolic":"call","expression":{"__symbolic":"reference","module":"@angular/core","name":"Inject","line":44,"character":9},"arguments":[{"__symbolic":"reference","module":"@angular/common","name":"DOCUMENT","line":44,"character":16}]}],null,null],"parameters":[{"__symbolic":"reference","name":"any"},{"__symbolic":"reference","module":"@angular/core","name":"RendererFactory2","line":45,"character":33},{"__symbolic":"reference","module":"@angular/common/http","name":"HttpClient","line":46,"character":22}]}],"loadControl":[{"__symbolic":"method"}],"removeControl":[{"__symbolic":"method"}],"createUserControl":[{"__symbolic":"method"}],"startUserControl":[{"__symbolic":"method"}],"stopUserControl":[{"__symbolic":"method"}],"isWidgetLicensed":[{"__symbolic":"method"}]},"statics":{"licenseCheckUrl":"https://ecertic.idcapture.es/auth","ngInjectableDef":{}}},"FacePhiSelphIdModule":{"__symbolic":"class","decorators":[{"__symbolic":"call","expression":{"__symbolic":"reference","module":"@angular/core","name":"NgModule","line":7,"character":1},"arguments":[{"declarations":[{"__symbolic":"reference","name":"FacePhiSelphIdComponent"}],"imports":[{"__symbolic":"reference","module":"@angular/common","name":"CommonModule","line":12,"character":8},{"__symbolic":"reference","module":"@angular/common/http","name":"HttpClientModule","line":13,"character":8}],"exports":[{"__symbolic":"reference","name":"FacePhiSelphIdComponent"}]}]}],"members":{}}},"origins":{"FacePhiSelphIdComponent":"./lib/components/facephi-selphid/facephi-selphid.component","FPhiSelphIdConfiguration":"./lib/models/facephi-selphid-configuration","FPhiSelphIdDocumentDimensions":"./lib/models/facephi-selphid-configuration","FPhiSelphIdConstants":"./lib/models/facephi-selphid-constants","FPhiSelphIdWidgetService":"./lib/services/fphi-selphid-widget.service","FacePhiSelphIdModule":"./lib/facephi-selphid.module"},"importAs":"facephi-selphid"}