{"__symbolic":"module","version":4,"metadata":{"FacePhiSelphiComponent":{"__symbolic":"class","decorators":[{"__symbolic":"call","expression":{"__symbolic":"reference","module":"@angular/core","name":"Component","line":16,"character":1},"arguments":[{"selector":"facephi-selphi","template":"<div #widgetContainer\n     [style.width]=\"widgetWidth\"\n     [style.height]=\"widgetHeight\"\n     [ngClass]=\"containerCssClass\">\n</div>\n\n","styles":[""]}]}],"members":{"cssClass":[{"__symbolic":"property","decorators":[{"__symbolic":"call","expression":{"__symbolic":"reference","module":"@angular/core","name":"Input","line":32,"character":5},"arguments":["class"]},{"__symbolic":"call","expression":{"__symbolic":"reference","module":"@angular/core","name":"HostBinding","line":33,"character":5},"arguments":["class"]}]}],"componentWidth":[{"__symbolic":"property","decorators":[{"__symbolic":"call","expression":{"__symbolic":"reference","module":"@angular/core","name":"Input","line":46,"character":5},"arguments":["width"]}]}],"componentHeight":[{"__symbolic":"property","decorators":[{"__symbolic":"call","expression":{"__symbolic":"reference","module":"@angular/core","name":"Input","line":62,"character":5},"arguments":["height"]}]}],"widgetContainer":[{"__symbolic":"property","decorators":[{"__symbolic":"call","expression":{"__symbolic":"reference","module":"@angular/core","name":"ViewChild","line":78,"character":5},"arguments":["widgetContainer"]}]}],"containerCssClass":[{"__symbolic":"property","decorators":[{"__symbolic":"call","expression":{"__symbolic":"reference","module":"@angular/core","name":"Input","line":84,"character":5}}]}],"widgetLibPath":[{"__symbolic":"property","decorators":[{"__symbolic":"call","expression":{"__symbolic":"reference","module":"@angular/core","name":"Input","line":92,"character":5}}]}],"autoLoadLibResources":[{"__symbolic":"property","decorators":[{"__symbolic":"call","expression":{"__symbolic":"reference","module":"@angular/core","name":"Input","line":98,"character":5}}]}],"resourcesPath":[{"__symbolic":"property","decorators":[{"__symbolic":"call","expression":{"__symbolic":"reference","module":"@angular/core","name":"Input","line":104,"character":5}}]}],"graphPath":[{"__symbolic":"property","decorators":[{"__symbolic":"call","expression":{"__symbolic":"reference","module":"@angular/core","name":"Input","line":114,"character":5}}]}],"language":[{"__symbolic":"property","decorators":[{"__symbolic":"call","expression":{"__symbolic":"reference","module":"@angular/core","name":"Input","line":124,"character":5}}]}],"dpiList":[{"__symbolic":"property","decorators":[{"__symbolic":"call","expression":{"__symbolic":"reference","module":"@angular/core","name":"Input","line":134,"character":5}}]}],"cameraWidth":[{"__symbolic":"property","decorators":[{"__symbolic":"call","expression":{"__symbolic":"reference","module":"@angular/core","name":"Input","line":144,"character":5}}]}],"cameraHeight":[{"__symbolic":"property","decorators":[{"__symbolic":"call","expression":{"__symbolic":"reference","module":"@angular/core","name":"Input","line":154,"character":5}}]}],"cameraRotation":[{"__symbolic":"property","decorators":[{"__symbolic":"call","expression":{"__symbolic":"reference","module":"@angular/core","name":"Input","line":164,"character":5}}]}],"cameraType":[{"__symbolic":"property","decorators":[{"__symbolic":"call","expression":{"__symbolic":"reference","module":"@angular/core","name":"Input","line":174,"character":5}}]}],"tutorial":[{"__symbolic":"property","decorators":[{"__symbolic":"call","expression":{"__symbolic":"reference","module":"@angular/core","name":"Input","line":184,"character":5}}]}],"extractionMode":[{"__symbolic":"property","decorators":[{"__symbolic":"call","expression":{"__symbolic":"reference","module":"@angular/core","name":"Input","line":194,"character":5}}]}],"livenessMode":[{"__symbolic":"property","decorators":[{"__symbolic":"call","expression":{"__symbolic":"reference","module":"@angular/core","name":"Input","line":204,"character":5}}]}],"livenessPrecision":[{"__symbolic":"property","decorators":[{"__symbolic":"call","expression":{"__symbolic":"reference","module":"@angular/core","name":"Input","line":214,"character":5}}]}],"livenessMoveInitialError":[{"__symbolic":"property","decorators":[{"__symbolic":"call","expression":{"__symbolic":"reference","module":"@angular/core","name":"Input","line":224,"character":5}}]}],"livenessMoveInfoTime":[{"__symbolic":"property","decorators":[{"__symbolic":"call","expression":{"__symbolic":"reference","module":"@angular/core","name":"Input","line":234,"character":5}}]}],"interactible":[{"__symbolic":"property","decorators":[{"__symbolic":"call","expression":{"__symbolic":"reference","module":"@angular/core","name":"Input","line":244,"character":5}}]}],"registerTime":[{"__symbolic":"property","decorators":[{"__symbolic":"call","expression":{"__symbolic":"reference","module":"@angular/core","name":"Input","line":254,"character":5}}]}],"authenticateTime":[{"__symbolic":"property","decorators":[{"__symbolic":"call","expression":{"__symbolic":"reference","module":"@angular/core","name":"Input","line":264,"character":5}}]}],"imageFormat":[{"__symbolic":"property","decorators":[{"__symbolic":"call","expression":{"__symbolic":"reference","module":"@angular/core","name":"Input","line":274,"character":5}}]}],"imageQuality":[{"__symbolic":"property","decorators":[{"__symbolic":"call","expression":{"__symbolic":"reference","module":"@angular/core","name":"Input","line":284,"character":5}}]}],"logImages":[{"__symbolic":"property","decorators":[{"__symbolic":"call","expression":{"__symbolic":"reference","module":"@angular/core","name":"Input","line":294,"character":5}}]}],"cropFactor":[{"__symbolic":"property","decorators":[{"__symbolic":"call","expression":{"__symbolic":"reference","module":"@angular/core","name":"Input","line":304,"character":5}}]}],"cropImage":[{"__symbolic":"property","decorators":[{"__symbolic":"call","expression":{"__symbolic":"reference","module":"@angular/core","name":"Input","line":314,"character":5}}]}],"templateFormat":[{"__symbolic":"property","decorators":[{"__symbolic":"call","expression":{"__symbolic":"reference","module":"@angular/core","name":"Input","line":324,"character":5}}]}],"stabilizationStage":[{"__symbolic":"property","decorators":[{"__symbolic":"call","expression":{"__symbolic":"reference","module":"@angular/core","name":"Input","line":335,"character":5}}]}],"videoRecord":[{"__symbolic":"property","decorators":[{"__symbolic":"call","expression":{"__symbolic":"reference","module":"@angular/core","name":"Input","line":345,"character":5}}]}],"videoRecordRate":[{"__symbolic":"property","decorators":[{"__symbolic":"call","expression":{"__symbolic":"reference","module":"@angular/core","name":"Input","line":355,"character":5}}]}],"videoRecordScale":[{"__symbolic":"property","decorators":[{"__symbolic":"call","expression":{"__symbolic":"reference","module":"@angular/core","name":"Input","line":366,"character":5}}]}],"videoRecordType":[{"__symbolic":"property","decorators":[{"__symbolic":"call","expression":{"__symbolic":"reference","module":"@angular/core","name":"Input","line":376,"character":5}}]}],"debugMode":[{"__symbolic":"property","decorators":[{"__symbolic":"call","expression":{"__symbolic":"reference","module":"@angular/core","name":"Input","line":386,"character":5}}]}],"onComponentLoaded":[{"__symbolic":"property","decorators":[{"__symbolic":"call","expression":{"__symbolic":"reference","module":"@angular/core","name":"Output","line":400,"character":5}}]}],"onModuleLoaded":[{"__symbolic":"property","decorators":[{"__symbolic":"call","expression":{"__symbolic":"reference","module":"@angular/core","name":"Output","line":406,"character":5}}]}],"onStabilizing":[{"__symbolic":"property","decorators":[{"__symbolic":"call","expression":{"__symbolic":"reference","module":"@angular/core","name":"Output","line":412,"character":5}}]}],"onExtractionFinish":[{"__symbolic":"property","decorators":[{"__symbolic":"call","expression":{"__symbolic":"reference","module":"@angular/core","name":"Output","line":418,"character":5}}]}],"onUserCancel":[{"__symbolic":"property","decorators":[{"__symbolic":"call","expression":{"__symbolic":"reference","module":"@angular/core","name":"Output","line":424,"character":5}}]}],"onExceptionCaptured":[{"__symbolic":"property","decorators":[{"__symbolic":"call","expression":{"__symbolic":"reference","module":"@angular/core","name":"Output","line":430,"character":5}}]}],"onLivenessError":[{"__symbolic":"property","decorators":[{"__symbolic":"call","expression":{"__symbolic":"reference","module":"@angular/core","name":"Output","line":436,"character":5}}]}],"onLivenessErrorButtonClick":[{"__symbolic":"property","decorators":[{"__symbolic":"call","expression":{"__symbolic":"reference","module":"@angular/core","name":"Output","line":442,"character":5}}]}],"onExtractionTimeout":[{"__symbolic":"property","decorators":[{"__symbolic":"call","expression":{"__symbolic":"reference","module":"@angular/core","name":"Output","line":448,"character":5}}]}],"onTimeoutErrorButtonClick":[{"__symbolic":"property","decorators":[{"__symbolic":"call","expression":{"__symbolic":"reference","module":"@angular/core","name":"Output","line":454,"character":5}}]}],"onTrackStatus":[{"__symbolic":"property","decorators":[{"__symbolic":"call","expression":{"__symbolic":"reference","module":"@angular/core","name":"Output","line":461,"character":5}}]}],"__ctor__":[{"__symbolic":"constructor","parameters":[{"__symbolic":"reference","name":"ɵa"}]}],"ngOnInit":[{"__symbolic":"method"}],"ngOnDestroy":[{"__symbolic":"method"}],"setupEvents":[{"__symbolic":"method"}]}},"FPhiSelphiConfiguration":{"__symbolic":"class","members":{"getNativeConfiguration":[{"__symbolic":"method"}],"setNativeConfiguration":[{"__symbolic":"method"}],"tryParseInt":[{"__symbolic":"method"}],"tryParseFloat":[{"__symbolic":"method"}]}},"FPhiSelphiConstants":{"__symbolic":"class","members":{},"statics":{"CameraRotation":{"None":0,"Deg90":1,"Deg180":2,"Deg270":3},"ExtractionMode":{"Register":0,"Authenticate":1},"LivenessMode":{"None":0,"Blink":1,"Move":2,"Passive":3},"ExceptionType":{"CameraError":0,"ExtractorError":1,"ControlNotInitializedError":2,"ImageCropResizeError":3,"UnexpectedCaptureError":4},"SampleDiagnostic":{"Ok":0,"FaceNotFound":1,"RightEyeNotFound":2,"LeftEyeNotFound":3,"EyesNotFound":4,"FaceTooFar":5,"FaceTooClose":6,"TooCloseToWindowSide":7,"AngleExceeded":8,"QualityCheckFailed":9,"NotRated":10},"FinalDiagnostic":{"InsufficientValidSamples":0,"TemplateCreationInProgress":1,"TemplateCreated":2},"LivenessDiagnostic":{"NotRated":0,"PhotoDetected":1,"LivenessDetected":2,"Unsuccess":3,"UnsuccessLowPerformance":4,"UnsuccessGlasses":5,"UnsuccessLight":6,"UnsuccessNoMovement":7,"UnsuccessWrongDirection":8,"UnsuccessTooFar":9},"TemplateFormat":{"ByteArray":0,"Base64":1},"RecorderType":{"Gif":0,"Remote":1},"CameraType":{"Front":0,"Back":1},"TrackStatus":{"ChangeState":0,"Tap":1}}},"FacePhiSelphiModule":{"__symbolic":"class","decorators":[{"__symbolic":"call","expression":{"__symbolic":"reference","module":"@angular/core","name":"NgModule","line":6,"character":1},"arguments":[{"declarations":[{"__symbolic":"reference","name":"FacePhiSelphiComponent"}],"imports":[{"__symbolic":"reference","module":"@angular/common","name":"CommonModule","line":11,"character":8}],"exports":[{"__symbolic":"reference","name":"FacePhiSelphiComponent"}]}]}],"members":{}},"ɵa":{"__symbolic":"class","decorators":[{"__symbolic":"call","expression":{"__symbolic":"reference","module":"@angular/core","name":"Injectable","line":9,"character":1},"arguments":[{"providedIn":"root"}]}],"members":{"__ctor__":[{"__symbolic":"constructor","parameterDecorators":[[{"__symbolic":"call","expression":{"__symbolic":"reference","module":"@angular/core","name":"Inject","line":40,"character":9},"arguments":[{"__symbolic":"reference","module":"@angular/common","name":"DOCUMENT","line":40,"character":16}]}],null],"parameters":[{"__symbolic":"reference","name":"any"},{"__symbolic":"reference","module":"@angular/core","name":"RendererFactory2","line":41,"character":33}]}],"loadControl":[{"__symbolic":"method"}],"removeControl":[{"__symbolic":"method"}],"createUserControl":[{"__symbolic":"method"}],"startUserControl":[{"__symbolic":"method"}],"stopUserControl":[{"__symbolic":"method"}]},"statics":{"ngInjectableDef":{}}}},"origins":{"FacePhiSelphiComponent":"./lib/components/facephi-selphi/facephi-selphi.component","FPhiSelphiConfiguration":"./lib/models/facephi-selphi-configuration","FPhiSelphiConstants":"./lib/models/facephi-selphi-constants","FacePhiSelphiModule":"./lib/facephi-selphi.module","ɵa":"./lib/services/fphi-selphi-widget.service"},"importAs":"facephi-selphi"}