<?xml version="1.0" encoding="UTF-8"?>
<translations>
    <token id="searching1_text">Capturando</token>
    <token id="searching2_text">Leyendo bordes</token>
    <token id="capture_front_text">Pon el FRENTE del documento dentro</token>
    <token id="capture_back_text">Pon el REVERSO del documento dentro</token>
    <token id="capture_detail_text">Asegúrate que el texto sea legible&#10;y que la imagen sea clara</token>
    <token id="capture_tip_text">Antes de comenzar:&#10;La captura es automática</token>
    <token id="preview_front_text">Resultado FRENTE Documento</token>
    <token id="preview_back_text">Resultado REVERSO Documento</token>
    <token id="flip_document">Dale la vuelta al documento</token>
    <token id="button_ok">ACEPTAR</token>
    <token id="button_repeat">TOMAR DE NUEVO</token>
    <token id="capture_status_front_ok">FRENTE leído exitosamente</token>
    <token id="capture_status_front_fail">FRENTE no se lee bien</token>
    <token id="capture_status_back_ok">REVERSO leído exitosamente</token>
    <token id="capture_status_back_fail">REVERSO no se lee bien</token>
    <token id="tutorial1_tip">TIP 1: CENTRA DOCUMENTO</token>
    <token id="tutorial1_tip_detail">Centra el documento&#10;dentro del rectángulo&#10;que aparece en la pantalla</token>
    <token id="tutorial2_tip">TIP 2: MANTEN DOCUMENTO QUIETO</token>
    <token id="tutorial2_tip_detail">Procura mantenerlo&#10;quieto así facilita&#10;una correcta lectura</token>
    <token id="tutorial3_tip">TIP 3: EVITA CONTRALUCES</token>
    <token id="tutorial3_tip_detail">Evita contraluces sobre&#10;el documento para poder&#10;captar mejor la información</token>
    <token id="button_skip">OMITIR</token>
    <token id="button_finish">LISTO</token>
    <token id="button_next">SIGUIENTE</token>
    <token id="button_back">&lt; VOLVER</token>
    <token id="button_initial_tip">OK, ENTENDIDO</token>
</translations>
