<?xml version="1.0" encoding="UTF-8"?>
<translations>
    <token id="searching1_text">Capturing</token>
    <token id="searching2_text">Reading edges</token>
    <token id="capture_front_text">Please capture document's FRONT inside</token>
    <token id="capture_back_text">Please capture document's BACK inside</token>
    <token id="capture_detail_text">Make sure the text is readable&#10;and the image is clear</token>
    <token id="capture_tip_text">Before you start:&#10;Capture is automatic</token>
    <token id="preview_front_text">Result document's FRONT</token>
    <token id="preview_back_text">Result document's BACK</token>
    <token id="flip_document">Flip document</token>
    <token id="button_ok">OK</token>
    <token id="button_repeat">TRY AGAIN</token>
    <token id="capture_status_front_ok">FRONT scanned successfully</token>
    <token id="capture_status_front_fail">FRONT is not readable</token>
    <token id="capture_status_back_ok">BACK scanned successfully</token>
    <token id="capture_status_back_fail">BACK is not readable</token>
    <token id="tutorial1_tip">TIP 1: CENTER DOCUMENT</token>
    <token id="tutorial1_tip_detail">Center the document&#10;inside the rectangle&#10;that appears on the screen </token>
    <token id="tutorial2_tip">TIP 2: KEEP DOCUMENT STILL</token>
    <token id="tutorial2_tip_detail">Trying to keep it&#10;still facilitates&#10;a correct reading</token>
    <token id="tutorial3_tip">TIP 3: AVOID GLARE</token>
    <token id="tutorial3_tip_detail">Avoid any glare on&#10;the document&#10;to better capture the information</token>
    <token id="button_skip">SKIP</token>
    <token id="button_finish">DONE</token>
    <token id="button_next">NEXT</token>
    <token id="button_back">&lt; BACK</token>
    <token id="button_initial_tip">OK, UNDERSTOOD</token>
</translations>
