<?xml version="1.0" encoding="UTF-8"?>
<translations>
    <token id="button_skip">OMITIR</token>
    <token id="button_ready">LISTO</token>
    <token id="button_start">COMENZAR</token>
    <token id="button_repeat">REPETIR</token>
    <token id="button_finish">FINALIZAR</token>
    <token id="button_next">SIGUIENTE</token>
    <token id="button_back">VOLVER</token>
    <token id="registration_tips_title">Consejos de registro</token>
    <token id="registration_tips_detail">Evita contraluces, lugares oscuros y&#10;asegúrate de ver tu cara bien</token>
    <token id="face_movement_tips_title">Mueve tu cara</token>
    <token id="face_movement_tips_detail">Para un registro óptimo, imita los&#10;movimientos mirando al frente</token>
    <token id="start_extractor_title">Coloca tu cara dentro&#10;del círculo y pulsa comenzar&#10;para iniciar la captura</token>
    <token id="extracting_title">Permanece quieto, con tu cara&#10;en el centro del círculo</token>
    <token id="liveness_move_tip">Por favor, sigue la flecha&#10;girando tu cabeza</token>
    <token id="liveness_move_tip_up">Gira tu cabeza hacia arriba</token>
    <token id="liveness_move_tip_down">Gira tu cabeza hacia abajo</token>
    <token id="liveness_move_tip_left">Gira tu cabeza hacia la izquierda</token>
    <token id="liveness_move_tip_right">Gira tu cabeza hacia la derecha</token>
    <token id="results_message_low">Te recomendamos que&#10;repitas el registro</token>
    <token id="results_message_good">El registro es bueno,&#10;pero puedes mejorarlo</token>
    <token id="results_message_excellent">La calidad del registro es&#10;excelente. ¡Enhorabuena!</token>
    <token id="results_quality_message">(Calidad del registro)</token>
    <token id="results_quality_low">Regular</token>
    <token id="results_quality_good">Bueno</token>
    <token id="results_quality_excellent">Excelente</token>
    <token id="error_message_face">Coloca tu cara en el&#10;centro del círculo</token>
    <token id="error_message_start">Colócate dentro del círculo</token>
    <token id="error_message_away">Aleja el dispositivo</token>
    <token id="error_message_closer">Acerca tu cara</token>
    <token id="error_message_liveness">Comprobando foto</token>
    <token id="qr_scan">Coloca el QR dentro&#10;del círculo</token>
    <token id="qr_not_valid">QR no válido</token>
    <token id="message_blink">¡Parpadea!</token>
    <token id="tutorial1_tip">Seguridad</token>
    <token id="tutorial1_tip_detail">Aumenta la seguridad validando el acceso con un parpadeo</token>
    <token id="tutorial2_tip">Permanece quieto</token>
    <token id="tutorial2_tip_detail">Coloca tu cara dentro del círculo&#10;y permanece quieto sin mover el dispositivo</token>
    <token id="tutorial3_tip">¡Parpadea!</token>
    <token id="tutorial3_tip_detail">Parpadea justo antes de que&#10;las persianas se cierren completamente</token>
    <token id="tutorialMove1_tip">Iluminación</token>
    <token id="tutorialMove1_tip_detail">Evita contraluces, lugares oscuros&#10;y asegúrate de ver tu cara bien</token>
    <token id="tutorialMove2_tip">Permanece quieto</token>
    <token id="tutorialMove2_tip_detail">Coloca tu cara dentro del círculo&#10;y permanece quieto sin mover el dispositivo</token>
    <token id="tutorialMove3_tip">Movimiento</token>
    <token id="tutorialMove3_tip_detail">Gira la cabeza en la dirección&#10;que se indica con la flecha</token>
    <token id="faceNotDetected">Cara no detectada</token>
    <token id="livenessMoveError">Debe seguir las indicaciones en pantalla</token>
    <token id="livenessErrorGlasses">Si llevas gafas, evita los reflejos&#10;cuando accedas la próxima vez</token>
    <token id="livenessErrorDark">Busca un lugar iluminado y sin contraluces&#10;cuando accedas la próxima vez</token>
    <token id="livenessErrorPerformance">El funcionamiento de su PC&#10;es más lento de lo esperado</token>
    <token id="livenessErrorNoMovement">No se ha detectado movimiento</token>
    <token id="livenessErrorWrongDirection">Movimiento erróneo detectado</token>
    <token id="livenessErrorTooFar">Debe acercarse más a la cámara</token>
    <token id="timeout">Has excedido el tiempo máximo permitido,&#10;inténtelo de nuevo</token>
    
    <token id="liveness_move_stabilizing">Permanece quieto, con tu cara&#10;en el centro del círculo</token>
    <token id="liveness_move_stabilizing_none">Permanece quieto, con tu cara&#10;en el centro del círculo</token>
    <token id="liveness_move_stabilizing_ok"></token>
    <token id="liveness_move_stabilizing_not_stabilized">Permanece quieto, con tu cara&#10;en el centro del círculo</token>
    <token id="liveness_move_stabilizing_not_stabilized_too_far">Estás demasiado lejos&#10;Acerca la cara un poco</token>
    <token id="liveness_move_stabilizing_not_stabilized_sun_glasses">Permanece quieto, con tu cara&#10;en el centro del círculo</token>
    <token id="liveness_move_stabilizing_not_stabilized_too_close">Estás demasiado cerca&#10;Aleja la cara un poco</token>
    <token id="liveness_move_stabilizing_not_stabilized_too_movement">Demasiado movimiento&#10;Permanece quieto, por favor</token>
    <token id="liveness_move_stabilizing_not_stabilized_low_performance">Permanece quieto, con tu cara&#10;en el centro del círculo</token>
    <token id="liveness_move_stabilizing_not_stabilized_no_frontal">Permanece con la cara&#10;mirando al frente</token>
    <token id="liveness_move_stabilizing_not_stabilized_no_frontal_too_left">Gira tu cara ligeramente&#10;hacia la derecha</token>
    <token id="liveness_move_stabilizing_not_stabilized_no_frontal_too_right">Gira tu cara ligeramente&#10;hacia la izquierda</token>
    <token id="liveness_move_stabilizing_not_stabilized_no_frontal_too_down">Gira tu cara ligeramente&#10;hacia arriba</token>
    <token id="liveness_move_stabilizing_not_stabilized_no_frontal_too_up">Gira tu cara ligeramente&#10;hacia abajo</token>
    <token id="liveness_move_stabilizing_not_stabilized_no_color">Busca un lugar mejor iluminado&#10;para realizar el proceso</token>
    <token id="liveness_move_stabilizing_not_stabilized_low_quality">Busca un lugar mejor iluminado&#10;para realizar el proceso</token>
    <token id="liveness_move_stabilizing_not_stabilized_low_face_quality">Busca un lugar mejor iluminado&#10;para realizar el proceso</token>
    <token id="liveness_move_stabilizing_not_stabilized_low_pattern_quality">Por favor, mantén una&#10;pose neutral con tu cara</token>
    <token id="liveness_move_stabilizing_ok_glasses"></token>
    <token id="liveness_move_processing">Procesando imágenes...</token>
    
</translations>
